student,filename,tags,result,marks
123456,./tests/test1.cpp,[args][datasets],pass,0.0
123456,./tests/test2.cpp,[areas][args],pass,0.0
123456,./tests/test3.cpp,[args][measures],pass,0.0
123456,./tests/test4.cpp,[args][years],pass,0.0
123456,./tests/test5.cpp,[InputFile][existent],pass,0.0
123456,./tests/test5.cpp,[InputFile][nonexistent],pass,0.0
123456,./tests/test6.cpp,[Measure][construct],pass,0.0
123456,./tests/test7.cpp,[Measure][populate],pass,0.0
123456,./tests/test8.cpp,[Area][construct],pass,0.0
123456,./tests/test8.cpp,[Area][names],pass,0.0
123456,./tests/test9.cpp,[Areas<>][construct],pass,0.0
123456,./tests/test9.cpp,[Areas<>][contain],pass,0.0
123456,./tests/test10.cpp,[Areas<>][authorityCodeCSV],pass,0.0
123456,./tests/test11.cpp,[Area][Measures],pass,0.0
123456,./tests/test12.cpp,[Areas<>][popu1009],pass,0.0
123456,./tests/testus1.cpp,[args][extended][years],pass,0.0
123456,./tests/testus2.cpp,[Measure][extended][populate],pass,0.0
123456,./tests/testus3.cpp,[Areas<>][contain][extended],pass,0.0
123456,./tests/testus4.cpp,[Area][Measures][extended],pass,0.0
123456,./tests/testus5.cpp,[Areas<>][extended][popu1009],pass,0.0
123456,./tests/testus6.cpp,[Areas<>][popu1009][statistics],pass,0.0
123456,./tests/testus7.cpp,[Areas<>][econ0080],pass,0.0
123456,./tests/testus8.cpp,[Areas<>][envi0201],pass,0.0
123456,./tests/testus9.cpp,[Areas<>][tran0152],pass,0.0
